Grn Chile Ch,Jalapeno,Ketchup,Lg Sweet Tea,Med Mozz Sti,Mustard,Onions
Burger,Grill Onion,Ketchup,Onions,Pickles,Sm Mozz Stic,Spicy Must
BacEggChzTst
FrnchTstStix
BBQ Wing Sau,Chk Strp Snk,Lg Dt Coke
Jr Deluxe Bu,Sm Fries
Cherry,Rt Dt Coke,Vanilla
Chk Dinner,Med ChiliChz,See Operator
Amer Dog,Chicago Dog,Grill Onion,Grn Chiles,Hd Poppy Bun,Jalapeno,Med Chz Tots,Onions
Amer Dog,Free Hot Dog,NY Dog,RCC
$1 Hot Dog,RCC
Chz Burger,Empl Disc,Med Mozz Sti,Rt Rasp Tea
$.99 CornDog,Jr Deluxe Ch,Lg Wtrmln Sl
Crsp Chk Wra,Empl Disc,Grn Chiles,Jalapeno,Ranch,Sm Chz Tots
Bacon,Empl Disc,Grn Chiles,Jalapeno,Lg Chz Tots,LgChiliChz F,Ranch,See Operator
Bacon,Empl Disc,Grn Chiles,Lg Chz Tots,Ranch,Sm Ched R Pe
Crispy Chk S,Med Fries,Med Nerd Chy,Med Oreo Bl,SS Dbl BacCh
Empl Disc,Sm Ched R Pe
Empl Disc,LgChiliChz F
Empl Disc,Jalapeno,Med Chz Tots,Sm Ched R Pe
Chz Burger,Empl Disc,Grn Chiles,Jalapeno,Ketchup,Mayo,Med Chz Tots,Mustard,Onions,Pickles,Ranch
Jalapeno,Mn Ched R Pe,Ranch,Sm Chz Tots,Sm Mozz Stic
Empl Disc,Lg Mozz Stic
Empl Disc,Sm ChiliChz,Small Pop Ch
Mn Mozz Stic,Sm Ched R Pe,Sm Chz Tots
Bacon,Chz Burger,Empl Disc,Ketchup,Mayo,Med Mozz Sti,Med Sweet Te,Onions,Pickles,Well Done
Sm Tater Tot,Ult Meat Chz
SausEggChz B
Amer Dog
Amer Dog,Lime,Med Slush,Med Wtrmln S,RCC
Egg,Grill Onion,Grn Chiles,Jalapeno,Jr Brkfst Br,Med Chz Tots,Ranch,Tomato
Chicago Dog,Jr Deluxe Ch,Ketchup,Mayo,Mn Mozz Stic,Onions,Pickles,Tomato
Egg,Med Tater To,SausEggChz C,Ult Meat Chz
Chili,Empl Disc,Jr Deluxe Ch,Mayo,Mustard,Sm Mozz Stic,Sm Onion Rin
Fiesta Stk B,Tot
BacEggChz Bu,Empl Disc,Ham,Lg Blended F,Lg Fries,Root Beer,Sausage
Asiago Crsp
Fiesta Sauce,Jalapeno,Med Ched R P,Stk Egg Burr,Zesty Chz
Sm Mozz Stic
Empl Disc,Jr Deluxe Ch,Mayo,Mustard,Sm Mozz Stic
Lg Mozz Stic,Med Ched R P
Chk Strp Snd,Empl Disc,Pickles,Sm Fries
4oz Patty,Grn Chile Ch,Lg Sweet Tea,Med Mozz Sti,See Operator
Chili,RCC,Shredded Chz,Sm Ched R Pe
Jalapeno,Jr Dbl Chz B,Ketchup,Med ChiliChz,Onions,Ranch
Bacon,Chk Dinner,Jalapeno,Lemon,Lg ChiliChz,Lg Pop Chk,Lg Slush,Med Slush,Med Tater To,OJ,Ranch,Strawberry
Chili,Grn Chiles,Jalapeno,Ketchup,Med Chz Tots,Onions,PC Ranch,Phi Stk,Pickles,SS Dbl Chz,Zesty Chz
Grill Chz,Ham,Jalapeno,LgChiliChz F,Onions,Ranch,Tomato
Chicago Dog
Empl Disc,Grill Chz,Ham,Mn Mozz Stic,Tomato
Bacon,Egg,Empl Disc,Fiesta Stk B,Grn Chiles,Onions,Tomato,Zesty Chz
Asiago Crsp,Empl Disc,Gravy,Green Apple,Grill Onion,Grn Chiles,Jalapeno,Lg Chz Tots,Lt Ranch,Mango,Mustard,Rasp,Rt Sweet Tea,Sm Mozz Stic,Zesty Chz
Mn Mozz Stic
Bag Ice
Asian Sauce,Gravy,Grn Chiles,Med Chz Tots,See Operator,Stk Egg Burr,Zesty Chz
BW Gar Parm,Empl Disc,RCC
Lg Tater Tot
Chz Burger,Med Chry Lim,Med Tater To
$.99 CornDog,Mini Cherry,Rt Chry Lime,Sm Cherry Sl,Sm Fries,Sm Mozz Stic,Sm Tater Tot,Stw Sundae,Wp Chk Strp,Wp Chk Strp,Wp Toy w/ Pu
$.99 CornDog,Cherry,Rt Coke Zero
$.99 CornDog,Lg Blue Rsp,Lg Pnapp Frt,Strawberry
Cherry,Med Cranberr
Med Chry Lim,Rt Limeade,Wtrmln
Rt Cran Lime
Cherry,Nerds,Rt Chry Lime,Rt Nerd Chy,Sundae,Vanilla
Chicago Dog,Lg Stw Limea,Lg Tater Tot,Strawberry
Rt Cherry Sl
Lmnbry,Rt Slush,Rt Unswt Tea
Blue Rasp,Med Wtrmln S,Mini Nerd Wt,Mini Popping
Cherry,Lg Sprite Ze,Sm Nerd BR S
Lime,Med Cherry S,Sm Cherry Sl
Sm PB Snick
Chz Burger,Med Dr Peppe,Med Tater To
Lg Pop Chk,Lmnbry,Med Slush,Med Tater To,Peach,Pnapp,Sm Slush,Sm Sonic Spl
Molt Ck StrB,Molt Ck Turt,Sm Chocolate,Sm Stw Shk
Mango,Med Slush,Peach
Rt Cup Ice
Extra Ice,Lg ChiliChz,Lg Chocolate,Lg Chz Tots,Lg Unswt Tea,SS Dbl Chz
Extra Ice,Lg Chry Lime,Sm Grape Sl
Corn Dog,Med Mango Li,Pnapp,Rt Cup Ice,Sm Tater Tot
Chz Burger,Fm Onion Rin,Ketchup,Mayo,Mustard,SS Dbl Chz
Cone
BacEggChz Bu,Med Sprite,Med Tater To,SS Dbl BacCh
Cherry,Grape,Lmnbry,Med Cherry S,Med Green Te,Med Slush,Med Sprite,Sm Cherry Sl
Lemon,Rt Lime Frt
Cranberry,Lg Sweet Tea
Lg Jolly GrA,Lg Sweet Tea
Lg Chry Lime,Lg Tater Tot,Med Chry Lim
Cherry,Chk Strp Snd,Dish,Jr Deluxe Bu,Ketchup,Mustard,Sm Fresh Frt,Sm Fries
Med StwChzCk
Chk Dinner,Hickory BBQ,Med Chry Lim,Med Pop Chk,Med Tater To
Lg Tater Tot,Lg Water
Sm Nerd Chy
BW Buffalo (,Grn Chiles,Jalapeno,Med Chz Tots
Corn Dog,Sm Bl Coco S,Sm Btrfngr B
Fm Mozz Stic,Nuts,Stw Sundae
Dish,Fm Tater Tot,Lg Water,M&M,No Ice
Rt Chry Lime,Wtrmln
Med Cook Dgh,Med Turtle B,Pecans,See Operator,Sm Ban CPie
Bag Ice,Cone
Jr Deluxe Bu,Ketchup,Lg Sweet Tea,Mayo,Med Fries,Med Lemonade,Mini Shake,Mustard,Oreo,Pickles,Sm Fries,Sm Tater Tot,SS Dbl Chz,Wp Hot Dog,Wp Hot Dog C,Wp Toy w/ Pu
Lg Dr Pepper,Med Tater To,SS Dbl BacCh
Jr Deluxe Bu,Lg Water,Mayo,Mini Pop Chk,No Salt/Pep,Sm Cranberry,Sm Fries
Med Ban CPie,Sm Orange Sl
Lg Stw ChzCk
Lg PB Snick,Med Root Bee,Sm Chry Lime,Sm Coke,Vanilla
Asiago Crsp,BW Buffalo (,Med Cake Shk,Mustard,Vanilla
Lg Pnapp Frt,Lime,Pnapp
Cone,Med Onion Ri
Chz Burger,Med Coke,Med Onion Ri,Mustard,Tomato
Med Dt Coke,Med Fries,Med Pop Chk
Lg Dr Pepper,Lg Dt Dr Pep
Extra Ice,Rt Water
RCC,Sm Cherry Sl
"12"" CC Cny",Apples,Chz Burger,Crispy Chk S,Ketchup,Lg Coke,Lg Onion Rin,Lg Tater Tot,Mayo,Med Mozz Sti,Mustard,No Ice,Pickles,SS Dbl Chz,Vanilla
Jr Deluxe Ch,Ketchup,Lg Coke,Mustard
Lg Stw Shk,Sm Coco CPie
Bag Ice,Fm Mozz Stic,Ranch
Cinna Snacks,Extra Ice,Lg Blue Rsp,Lg Unswt Tea
Sm Slush,Strawberry
Apples,Lg Lemonade,Med M&M Bl,Rasp,Whip Topping
Ciabatta,Ciabatta,Crispy Chk S,Crispy Chk S,Easy Ice,Easy Ice,Lemon,Lemon,Lg Ched R Pe,Lg Ched R Pe,Lg Chry Lime,Lg Chry Lime,LIL CC Doggi,LIL CC Doggi,Mango,Mango,Med Cherry S,Med Cherry S,Med Slush,Med Slush,Sm Fries,Sm Fries,Sm Mozz Stic,Sm Mozz Stic,Sm Tater Tot,Sm Tater Tot,Strawberry,Strawberry,Tomato,Tomato
Lg Stw Limea,Med Fries,Med Pop Chk,Med Sprite
Corn Dog,Lg Stw Shk,Lg Tater Tot,Lg Unswt Tea,Med Mozz Sti,Pnapp,Real Cherry
Rt Lemonade,Strawberry
Chz Burger,Mayo,Med Dr Peppe,Med Tater To,Onions
Easy Ice,Lg Chry Lime,Lg Nerds Sl,Lmnbry,Powerade
Lg Ban Splt,Sm Brn Blss,Sm Mozz Stic
Coke,Lg Cherry Sl,Lg Hot Fudge,Lg Stw Shk,Med Mozz Sti,Real Cherry,See Operator,Vanilla,Whip Topping
Chk Strp Snd,Corn Dog,Fm Tater Tot,Med Nerd Wtr,Med Slush,Strawberry
Apples,Mini Sprite,Sm Stw Crm S,Wp Grilled C,Wp Grlld Chz,Wp Toy w/ Pu
Med ChiliChz,Sm Ched R Pe
Med Ched R P
BW Buffalo (,Empl Disc,Mn Fries
Chk Strp Snd
Cinna Snacks,Empl Disc
Chk Strp Snd,Empl Disc,Ketchup,Sm Fries
BW Asian (6),Grn Chiles,Jalapeno,Lg Chz Tots,Lg Mozz Stic,Mn Ched R Pe,Onions,PC Ranch,Sm Mozz Stic
Lg Mozz Stic
Med Chz Tots,RCC
Crsp Chk Wra,Jalapeno,Onions,Ranch,SmChiliChz F,Zesty Chz
BW Buffalo (,Crispy Chk S,Med Mozz Sti
BW Buffalo (,Empl Disc
Banana Split
Empl Disc,Med Fries,RCC
BW Buffalo (,Jalapeno,Onions,Ranch,SmChiliChz F
BW Gar Parm
Med Fries
BW Asian (6)
Grill Chz,Ham,Sm Ched R Pe,Tomato
BW Chk Wng 2,Lg Mozz Stic,Sm Water
FrnchTstStix,Grill Chz,Ham,Tomato
Egg,Fiesta Stk B,FrnchTstStix,Phi Stk
Chk Strp Snd,Med Fries
Cheese,Lg Tater Tot,Lg Tater Tot,Mayo,Med Dt Coke,Mustard,SS Dbl Chz
Empl Disc,Grill Onion,Ham,Spicy Must,SS Brkfst Bu,Zesty Chz
Amer Dog,Corn Dog,Lg ChiliChz,Molt Ck StrB,RCC,Rt Coke Zero
Lg Root Beer,Lg Tater Tot,Ult Chk Trd
Lg Chocolate,Lg Chocolate,Lg Oreo Shk,Lg Oreo Shk,Lg Oreo Shk,Lg Oreo Shk,Lg Stw Shk,Lg Stw Shk,PB,PB
See Operator,Sm Water
Sm Water
Lg Tater Tot,RCC
Chk Strp Snd,Ketchup,Sm Mozz Stic
Mini Water
Chz Burger,Ketchup,Lettuce,Lg Water,Mayo,Mustard,Pickles,Tomato
"12"" CC Cny",Sm Fries
Sm Ban Splt
BW Buffalo (,Empl Disc,Med Oreo Shk
Fm Fries
Lg Dr Pepper,Mini Cup Ice,Sm Coke
Lg Coke
Med Ocean Wa,Med Pnapp Fr,See Operator
